{"cameraMode":{"drawMode":0,"name":"Shaded","section":"Shading Mode"},"sceneLighting":false,"audioPlay":false,"sceneViewState":{"m_AlwaysRefresh":false,"showFog":true,"showSkybox":false,"showFlares":true,"showImageEffects":true,"showParticleSystems":true,"showVisualEffectGraphs":true,"m_FxEnabled":true},"in2DMode":false,"pivot":{"x":95.30000305175781,"y":135.78895568847657,"z":19.472782135009767},"rotation":{"x":0.39455175399780276,"y":0.26144760847091677,"z":-0.11817021667957306,"w":0.8729396462440491},"size":24.56218719482422,"orthographic":true}